,Age,Annual Income (k$),Spending Score (1-100)
Cluster 0,46.25,26.75,18.349999999999998
Cluster 1,25.18518518518519,41.092592592592595,62.24074074074074
Cluster 2,32.875,86.1,81.525
Cluster 3,39.87179487179487,86.10256410256409,19.358974358974354
Cluster 4,55.63829787234043,54.382978723404264,48.851063829787236
