,PCA Component 1,PCA Component 2,PCA Component 3
Age,0.7063823466700049,0.030141162310665427,0.7071884406914037
Annual Income (k$),-0.04802397586318752,0.99883159754298,0.0053979155263989
Spending Score (1-100),-0.7061994605317032,-0.037774992843153776,0.707004506251856
